Feedback ID,Customer ID,Feedback Date,Feedback Type,Description,Rating
c1d493f0-0822-4b44-977c-175bdb17abc9,ba9bd457-16e3-4def-888b-502499022571,2023-03-10 20:00:30,Support Ticket,Amount build sister keep movement believe. Whole prevent within civil.,3
860c6105-439b-495b-aa83-aec145d78508,a7b0afd7-5c2c-43c4-ab33-85772cda7c90,2023-06-07 19:14:43,Social Media,Herself paper western knowledge certainly strong. Choice fly beat image garden these name. Sport build risk effort best then attention spring.,3
2d633e2a-169c-4249-9883-ef4d78b2ee14,93301d4f-13ce-4838-899f-254f4cb641f6,2023-04-21 22:26:44,Survey,Imagine southern standard risk fill letter hour. Exist response there major friend line agency soon. Sometimes with training choose available standard hundred. Energy light stage manager.,3
89ea46fc-bfa7-4946-b8fb-109373baa9d6,90ab4fde-068f-44c6-a755-91011a419ed8,2022-08-28 17:47:34,Support Ticket,Senior behind improve security particular place. Audience indeed section success.,4
77c422cc-e177-40dd-ae80-470afbd2b18b,7e13af72-77a3-4f67-8084-6fe6312b6b38,2023-01-15 03:05:03,Social Media,Stage first thing television Mrs either. Goal camera we rest. Ten third parent become big serious.,1
ac9a8896-6672-44ab-bdb3-71607f0fe7f4,79fb40c4-b9cd-460a-81e0-f9539d9070dd,2023-05-27 05:42:14,Social Media,Exactly simply person staff smile sister attention. Just step individual realize itself find. Window war director attack order side. Rule choice policy probably beautiful compare coach.,1
7f0c8944-431b-4882-b6a3-17e66305a9b0,b35fc1c1-70db-4f17-8001-664037b304ca,2023-05-14 19:37:05,Social Media,Few character participant time when office detail. Television have next drive opportunity establish house. Herself bill capital market better together pretty.,4
c7542d66-8d2b-428b-ae27-1661b69052e8,e30a5b91-3040-4f71-9107-6a676b71c52a,2022-11-24 12:47:27,Survey,Keep page cost thank. Industry under hospital stand gun think give. Summer vote also system positive garden become. Program necessary including whatever message.,1
537d321e-3b71-4e2d-b6bc-8012cee7f35b,899eb3ff-58a2-4aa6-8469-072a6fc1b281,2023-02-12 00:21:52,Support Ticket,Bit watch girl debate house goal. Drug sister management item rise. Sense most determine wind among piece career.,3
e9c3d000-e4ee-4128-88b8-3cf7c01ae69c,c1e9afcd-6ed4-4e83-8ceb-bc72ef19967e,2022-08-06 22:21:55,Support Ticket,Remember third wall only option summer already face. Almost popular business arm responsibility recognize stock. Growth space customer it.,5
61025dfe-ebb3-454e-a361-11ec04dc9eef,d77055e1-90e7-453a-9979-62dc1943ed6a,2022-11-06 00:40:33,Support Ticket,Try price leg should industry special improve. Official level onto senior evidence billion wonder. Cold fund vote that front wish.,4
22313de5-bba5-422d-a05d-695572e63c76,1228328c-b31d-4079-b872-86d91b118616,2023-04-14 23:39:19,Support Ticket,Grow Mr attorney its.,2
550a213b-350d-4e2e-9e3d-2fca987bcb33,1fc36732-b9fa-4432-b2c6-df869dc9ea07,2022-09-20 22:53:13,Social Media,Name against policy report street media. Sport yourself few thousand daughter.,4
8b93e7a7-1441-49d1-ad47-2668a6f74050,c5bd5a93-7a0d-49da-90c8-4cccda84d15f,2022-12-10 11:55:57,Support Ticket,I tree sort off see condition as. Continue class media article. Indeed affect thank worker interview sell.,4
4c26873a-72d5-4983-8f1d-d802c0c733ef,405799cf-6fb1-44d9-bd80-cb2d0bc31608,2023-03-23 09:46:14,Support Ticket,Onto wrong tend me light hard. Issue late free page. His usually discussion major improve.,5
ea87d98b-dc2c-4d56-ab4a-adbad8d035d5,2576723f-f570-4ca4-a0af-4514d5a0aeaf,2022-08-02 19:04:32,Social Media,Mouth take have claim improve. Between total exactly tonight north outside.,4
5f7119ea-3f5d-47e9-aaae-6085725df723,7e13af72-77a3-4f67-8084-6fe6312b6b38,2023-02-08 01:34:32,Survey,Loss newspaper meet job activity. Right some popular those. Page deep science world management rather.,4
caf43c41-8011-4304-bbf1-dfe6c9d2ce89,f641ccc2-0844-451f-8cae-3b38f17abce0,2022-11-16 08:19:44,Support Ticket,Military past far professor. Decade minute trip chair. Effort majority company shake manager reality thought.,5
7a4b61c5-0a12-4031-b5f0-ea168d77ba65,cfbdd92a-010c-4505-8db0-cfa20a436ee9,2023-06-19 18:09:59,Survey,Director left season second. Structure control speech relate. Radio while sense around quality talk.,5
1eabb5b5-eb51-44e9-b2d3-f3e712e3deb6,892743dd-871d-4a7c-a62b-47e01ac010cd,2023-04-10 19:03:51,Social Media,Player out garden different world thing. Short son next condition blue spring exactly.,4
ad63ba7d-5234-49c4-80d7-d2d79faf8d48,adcafe1d-dd8d-433f-98b3-3c4daf41cc1a,2023-01-12 23:33:12,Survey,Century sound draw child someone because. Guess social policy above. Wide us once people.,5
a724c60c-f2be-497e-ba1c-2287eb48e769,db057c0a-5cfb-4555-b99a-6b754d087b24,2022-08-25 15:45:29,Survey,Unit democratic drive out able hot. None do audience when ahead. Business choose education through.,5
1c632bd9-6025-422a-bd01-4282e8dd39f6,63a8703c-8218-46a9-8927-c9f771493816,2022-12-13 22:07:30,Social Media,Dark office between break. One current look stay. Their TV although a.,2
0a786c89-ce23-4fa9-a9e5-b2123aca7310,2319f404-d54f-4d86-ba48-937185ec5911,2023-04-04 20:38:26,Support Ticket,Suffer down mother. Hot player draw able where owner third. Meeting picture accept cost book adult discover. Source important interest value according small old.,3
f20905fa-0431-471b-8165-0c4082d71736,ebd882ff-5adb-454d-8861-e47721d1e65c,2023-06-21 05:59:13,Social Media,Same notice concern southern partner entire base make. What camera magazine interest card marriage describe.,5
bafeb5ae-b31e-4e79-9ba4-d6956fddfb62,33233bec-7c06-47aa-8d4c-74312d77701d,2023-01-27 17:29:02,Survey,Game bag outside unit note significant. Want seat happen where especially bad call not. Local relationship name let role.,3
031f9d08-ccdd-47d5-aef8-631fa0f2e49f,da0de146-1371-406e-8d86-0ab1afb81837,2023-05-21 10:28:13,Social Media,Only nearly Congress site technology month property.,4
cca063b0-babe-4d8e-9aec-b1069c028296,65c17330-cc23-4b2c-a619-89fc847defce,2023-06-13 15:53:12,Survey,Manage detail give man firm. Practice too service. Guy by season month beyond.,3
95e0588f-0f0e-42b7-b746-5ae55b78b2c7,761e1e15-0306-49b7-90a5-fd5a864bce56,2023-02-12 11:21:10,Support Ticket,Social form fill.,3
21ac117f-09a1-4af7-8988-2a2e8d3d1940,e09e7565-0252-4288-b254-a0bd9b3b1d7c,2023-01-10 18:41:53,Social Media,Quickly politics mention wear. Draw pretty herself situation know. Determine international quality involve gas within analysis.,4
7a51dcb1-e95c-4d55-a215-9bb72aed59b1,892743dd-871d-4a7c-a62b-47e01ac010cd,2022-12-26 07:29:58,Survey,Good next across change else only president. National finish tough dream admit.,3
47f6dc9d-30dd-4e65-9621-66c34338ad3b,cdded0ee-b676-4fea-993b-90aa9e93678d,2022-11-26 00:17:21,Support Ticket,Measure line rich white between eat sometimes. Better story sound national.,5
fb095fc8-3c02-4a45-8dda-072dad11e24e,d1384af5-d412-4655-97b9-c671cd81c946,2022-11-18 11:55:24,Survey,Together company myself our figure society. Mean Republican sometimes ball now experience. Rate month from join opportunity.,1
ead60065-5d6d-4456-85c2-49fbbaeb2718,f3364303-992b-4bf9-a023-fafe1e05bb02,2022-12-21 14:06:39,Social Media,Least best apply ready. Kind whose decide health care back admit.,5
26b70366-dc59-4da7-b3c0-bb06f0d55597,c1e9afcd-6ed4-4e83-8ceb-bc72ef19967e,2023-02-20 19:33:26,Social Media,That everybody environment value. Page carry discover white same hour.,5
ef5a4d18-9797-445a-9cd0-19871f5e51ff,f641ccc2-0844-451f-8cae-3b38f17abce0,2022-09-13 08:38:24,Social Media,Himself him entire. Shake memory turn develop protect detail blood.,2
2f9908cb-9af8-428b-953f-2de293715581,37001a18-9d1f-44d3-b488-44cf94d32d6c,2022-12-01 04:37:13,Survey,Food most evening television voice of show way. Mission trial travel.,4
602eb5ae-ca83-4c8b-ab3a-7aa9886dc5e4,0dbee314-8309-40e6-a774-46e9b863c0fb,2023-02-12 13:59:45,Survey,Parent feeling baby candidate memory change economy. Air include draw building blue official.,5
5509627c-73e0-4a72-83a1-79572505a02f,1228328c-b31d-4079-b872-86d91b118616,2023-03-27 21:45:01,Support Ticket,Gun guy sister cause expect director. Believe five few.,3
3d783ff5-72aa-4b05-86c1-85dc94221f72,c5bd5a93-7a0d-49da-90c8-4cccda84d15f,2022-12-29 20:15:12,Support Ticket,Experience us without marriage thought contain. Sport adult decide. Sport left two increase treat.,2
39525e7a-4cfd-46c1-a2e6-74910e796289,cfbdd92a-010c-4505-8db0-cfa20a436ee9,2023-07-24 00:03:45,Support Ticket,Far specific possible bag run nature major. Upon issue difference think relate nation. Near effort clearly.,4
1d280aa2-fb27-4752-b6fb-10217b78878e,73ef513c-6454-4e4b-8573-05f089d79d3a,2023-01-02 04:53:01,Support Ticket,Public same voice stage his product. We pretty president little determine understand. Information question civil consumer room.,5
32821c32-2f5b-4451-b917-10e61e3d1432,c2f4ef5d-f1e7-479c-9c51-b68b21dece27,2023-03-04 19:09:33,Support Ticket,Company never relate. Purpose clear look war economy trial or. Experience coach ability including claim according.,3
cc84d497-eea9-4d36-a344-d130524fd288,33233bec-7c06-47aa-8d4c-74312d77701d,2023-04-30 03:45:10,Survey,Power add body night enough career. Still cut can forget trial consider become. And he letter public subject.,5
68a067bb-32c7-451b-92fa-203f87792fbd,1fc36732-b9fa-4432-b2c6-df869dc9ea07,2022-11-15 10:50:02,Survey,Open assume many anything majority figure. Discover seek term economy state notice. Best site decade stage.,2
43c28fff-4899-4a9c-a2d4-b9cc51920ddd,d1384af5-d412-4655-97b9-c671cd81c946,2022-12-08 13:14:44,Support Ticket,May vote line country. Pressure fill appear. Mouth woman large something.,4
94b10ab9-d4d6-44f4-bd57-6c93b1aba6f4,83a312a7-9834-4abb-8ab0-2df05ac04820,2023-06-16 22:29:41,Survey,Soon store bar view. Specific wind old whom enter political. Participant class thing fast turn.,3
cc0ecaf7-3ea4-4bf8-9724-668c2af5d6df,0dbee314-8309-40e6-a774-46e9b863c0fb,2022-12-31 13:30:56,Support Ticket,Entire charge radio firm surface sound hit focus. Responsibility try Mr claim relationship require.,5
bbaafd38-9d8e-477b-b6bb-793cbb7e7961,c67d4b65-0e21-47cf-b954-8ad06fe3a9b4,2022-08-03 11:02:07,Survey,Long economic change growth. Past hair service ask agent power eight ball. Floor PM often marriage own ago down.,5
564c67dd-2eab-4865-a6be-59afae6f0631,cd4a81e2-189c-4adf-bad8-6368fe620ffc,2023-03-14 21:56:27,Survey,National economic style sea eight station century direction. Add lay too vote let red rather. Great more travel huge but back.,3
5ca06f93-5fcf-4932-a3e7-f9b2d3a8b191,1665f2c3-a895-4b9c-8692-24c1a575f8ed,2022-12-29 22:34:19,Support Ticket,Alone key democratic author gas rate prevent. Wish song reveal possible back medical. Business baby miss forward.,3
dc357e0f-f4bf-42c7-8492-d181e63e9c19,954ea3b7-5bde-46b3-ae9e-701cd80462da,2023-07-06 05:22:35,Social Media,Look resource entire. Read newspaper though them local talk why. Control say type born dinner. Color major inside rate pressure nice quickly.,1
d880cda3-9b71-400e-a523-0aabb2dd33ea,c2f4ef5d-f1e7-479c-9c51-b68b21dece27,2022-12-01 23:47:11,Support Ticket,Nothing least short shake gas cover early. Strategy former great test degree never. Past president support room officer.,3
b8a0bbaf-9910-4f2d-8fc1-2928ecbec3bf,87c7a222-e48e-4f58-b42f-020e1bcc2a26,2023-05-14 14:26:15,Survey,Behind car style action time you save somebody. Meet large detail trial.,4
7a7b01f7-1e2e-4953-953c-fb09c88cd661,a455cf42-b585-4b5f-b3d2-6a7c9b23b34f,2022-12-08 20:10:43,Social Media,Before meet pick middle. For writer see go me.,4
fdfd5fe2-15ca-4f21-88dd-c0f2b4321359,fdc8a131-6632-448a-a678-e218b4915f4f,2023-04-30 17:54:18,Support Ticket,Involve their affect game. Hand stuff main north which. Point first central most yeah then value.,5
cf9a1f9f-cfcb-4932-9146-5619d874e904,53b024f0-ccfe-414c-934c-dfd8c9dd985f,2022-09-17 14:45:24,Survey,Rock huge federal line trial if.,5
1874f532-42a7-49ef-993e-e6894ed5bb66,841a7a56-17b6-4e87-b236-17c59544342a,2022-10-26 22:14:08,Social Media,Feel fear pick open point time forward. Professional determine officer necessary simple.,2
dde59c58-9f37-41cd-8db1-541695caad1d,adcafe1d-dd8d-433f-98b3-3c4daf41cc1a,2023-01-16 17:09:36,Support Ticket,Party best vote bed exactly service break. Determine side identify be senior stock. Amount money month describe.,3
00521742-39b9-448c-8a6c-078976503a3d,f3364303-992b-4bf9-a023-fafe1e05bb02,2023-04-16 06:30:49,Social Media,Attack hard whose series everyone now. Democratic far heavy discuss.,4
c90ac36a-7052-4930-945a-2fb630c1a1fc,0fc3ce41-46e2-49ad-bc72-ae017be1633b,2022-10-23 04:22:36,Social Media,Hotel make section sometimes window daughter. Mean summer brother off page.,2
1cba6235-5009-475c-8b11-8eba23117496,cf188ea6-8ec3-4898-8599-7137498e87df,2023-07-04 10:02:35,Support Ticket,Music project court traditional month. Mr vote strategy he put. Century teacher ball article ready.,5
d4eb0f97-f18b-4b88-936d-2b1d2fd42ddd,e93860e5-acd3-4fb8-91e0-8fd1de82772c,2023-04-24 14:04:59,Survey,Policy relate everything control lay. Speak trade painting your night traditional itself. Identify power deep always coach news water age. Themselves follow born purpose teacher half particular.,4
6dbe2063-db6b-4750-9baf-e7217db4c4c4,a455cf42-b585-4b5f-b3d2-6a7c9b23b34f,2022-08-25 00:12:30,Social Media,Open none consumer. How term concern of important.,1
f916dc98-807d-4453-9734-e872e0d7814d,5e7c1ee3-7a4b-4752-b0d0-a11083b0fbb0,2023-01-19 07:21:40,Survey,Response argue husband his. Manager customer piece room else serve whose.,5
2f21c927-b050-4fd1-b90d-e19098db8f2d,aff41c31-1f89-4aa4-95a2-eda6155617e7,2022-09-24 22:01:42,Social Media,Each seven hand clear Congress either. Church soon receive rich example important.,1
234276af-213e-4ff5-a57a-c0440ac72a12,a1424536-8052-4c9e-be7e-5cad765ec6ca,2022-08-14 23:44:56,Social Media,Boy answer reality give discuss plan responsibility drug. Hear hotel growth mind. Left range body wait whether.,4
dc2386ab-c23a-4fa6-a9f1-e9e1a8d5dafa,33233bec-7c06-47aa-8d4c-74312d77701d,2023-02-14 23:48:24,Social Media,Candidate responsibility agent particular well indeed. Mean foreign natural threat of. Any about mouth according building interesting her.,5
acf3886e-b5e3-43bb-866c-d10d91821408,40e4d79f-c0fd-47e9-b420-1d91201f3de0,2022-10-27 15:58:44,Social Media,Better beautiful relationship face star deal. Degree thank all possible someone hair. City over girl see clearly project.,5
7f1ab9dd-f418-40f8-aa4c-d90d459a2961,cd4a81e2-189c-4adf-bad8-6368fe620ffc,2022-07-31 03:09:04,Support Ticket,Market tend inside know new hospital between. Item down realize state idea cold. Nothing recognize enough prepare I.,3
c47ce141-36ed-4abb-8ce7-2196d23a33c5,c1e9afcd-6ed4-4e83-8ceb-bc72ef19967e,2023-02-10 08:34:40,Social Media,Same similar focus account. Might middle occur available fill. Able herself necessary board.,5
f14ceba1-1c8f-4d31-a273-12e24a534058,0fc3ce41-46e2-49ad-bc72-ae017be1633b,2022-08-09 07:05:06,Survey,Child expert available order. Ever also bad sea rate whatever. Serve cold feeling parent woman.,2
ce622d7b-8f57-4c8b-b225-94cd8ff91e73,e32d8b08-4c47-4641-a7a5-1fd59dbf0e94,2023-06-08 00:29:05,Survey,Start pay recent speak agency model western. Rest find others line drug area street machine. Provide where free fall response none case.,3
954a56d5-1f80-460a-9940-d5fb7d9cb2a2,405799cf-6fb1-44d9-bd80-cb2d0bc31608,2022-08-19 15:07:29,Support Ticket,Prepare single main. Any capital yard history reduce for.,3
34aa30da-f91a-4fa1-8246-56e678692ea4,954ea3b7-5bde-46b3-ae9e-701cd80462da,2023-06-06 11:59:38,Survey,Size test reveal also owner administration drop. Very admit power. Build effort century nature.,5
348aa52c-6498-447e-9fb7-0e9d48f797a3,bb9234b8-3827-47fb-8901-8deee49f55ed,2023-07-17 17:08:42,Survey,Drop notice my feel debate ball remember. Husband its different maybe may finish. Become grow view compare.,2
f5c2bfa0-f6bc-499d-abb7-208e40cc3ed9,6c451b57-3dba-4ee9-8cc1-9b237cd44e1d,2023-03-20 23:53:12,Social Media,Speech seven resource he detail. Perform policy hotel power plan industry. Mission upon soldier little long.,3
c2f119d3-c6f4-43bf-900f-8f3f2c69db38,65c17330-cc23-4b2c-a619-89fc847defce,2023-02-23 14:15:50,Support Ticket,What dream country teach notice run. Fast billion fish building.,3
b0a36c08-7bba-498a-bb5d-f8e7689e2f2d,cf92c692-d447-4bff-8b87-0b9fc8fc42e4,2022-09-17 22:04:43,Survey,Quality together continue our. Sister truth simple tax.,5
c2a4f0db-93b6-4fcd-bbe5-9b6ed3d6fb64,fdc8a131-6632-448a-a678-e218b4915f4f,2023-03-07 03:38:26,Survey,Near itself there song amount trip its then. Far both space cold bad the beautiful.,3
8bfa8577-7dcb-4f6c-a765-3332bb0e06c5,cd4a81e2-189c-4adf-bad8-6368fe620ffc,2023-02-05 14:46:14,Survey,Fund face able stuff attack program. Vote toward easy design once deep. Past white skill edge.,5
43475c19-7e5c-4e41-a236-81aefd38f6ab,906f61e9-d085-40f8-9a96-abdf271b6b31,2023-07-01 13:46:51,Survey,Sea voice itself job toward. Suffer staff structure ahead beat special. Peace site suggest until control.,3
f549d3e2-6870-4254-b8b3-99f2fd120939,96bc47d1-4cbd-49ec-b045-7d2b2e935c71,2022-10-09 13:26:49,Social Media,Color anything season successful. Reach grow somebody glass personal computer. Usually family receive camera want eight project leave.,5
3327347e-36e9-4ad7-abb1-690a1677cb1a,cfbdd92a-010c-4505-8db0-cfa20a436ee9,2022-08-11 09:44:53,Survey,Pressure entire our determine. Mean score partner little rich low under today.,3
127b494a-c50e-4803-9e97-8a90575c140e,942b2c0d-47ac-474f-8457-01d0f5a9ca96,2023-02-21 15:59:54,Support Ticket,Into traditional enough art cell themselves wind.,3
ac6611a5-08c8-4b41-a9f2-b033e59d062d,da0de146-1371-406e-8d86-0ab1afb81837,2022-10-07 07:42:22,Social Media,Trouble fall drive economy. Beautiful try appear audience although maintain ahead.,1
bc93ff58-41d0-4c64-9e27-7a96b7b02744,53b024f0-ccfe-414c-934c-dfd8c9dd985f,2023-06-15 16:56:37,Support Ticket,Down should various rest relate make true. Memory heavy she begin pattern college if. Front notice worry certain style suffer.,5
4f0b98f3-e608-43d7-a17f-6c67fa4bbf09,671116c9-66e2-40a6-9ca0-593b524025ba,2022-09-05 21:22:43,Survey,Especially poor new guess kitchen traditional. Second amount himself determine able field. Ahead seek green tonight role.,5
91d43032-0444-4612-a3a9-6996a1bc0f21,12ff8450-5451-4127-81c2-4e46bc5bb1d1,2022-11-03 02:50:32,Survey,New gun case. Make might leader. Set expect tell road woman address sometimes. Under indeed research road draw.,4
b22e01e1-0bbb-46ae-be0b-d29cbf316c40,d1384af5-d412-4655-97b9-c671cd81c946,2023-01-21 21:18:50,Social Media,Lead fund stuff standard thing senior. Call government five born process drive. A must others course tree alone.,5
b1d6cc8a-d3f0-4979-ba7a-5128a29763d7,adcafe1d-dd8d-433f-98b3-3c4daf41cc1a,2022-12-28 08:50:17,Social Media,Low collection discussion.,1
59394b87-bb55-4ff0-9f84-4f979f1ad223,f5865f1b-fd8a-47f9-905e-c05f086f8209,2022-10-20 13:21:55,Support Ticket,Blood realize garden include Republican. Give out turn provide seek will keep.,1
107800c2-f21c-4c2a-aa9d-4bae0a0a8355,68cad323-a9c7-41e1-8cf4-d911c7854654,2022-12-29 03:39:26,Support Ticket,Military operation everybody under. Reveal fine upon might happy drop employee. Politics career weight safe about PM administration.,5
65430337-2ffd-4556-8009-72dae48566e0,d77055e1-90e7-453a-9979-62dc1943ed6a,2023-02-19 05:48:15,Social Media,Oil lay race here world. Ago approach poor. Image when star song again method early.,5
1b0bf266-fa4c-48bb-a75f-3fccf9c04851,899eb3ff-58a2-4aa6-8469-072a6fc1b281,2023-01-30 05:33:25,Social Media,Simple write hospital identify police. We either one enter ten as.,3
8dbd2883-8030-489f-b60b-5ba6431842a1,0fc3ce41-46e2-49ad-bc72-ae017be1633b,2023-03-28 03:34:20,Social Media,Three field situation protect this radio cover.,2
2053bda3-f8ff-446d-bde5-cc86b23a8487,d77055e1-90e7-453a-9979-62dc1943ed6a,2023-06-19 01:32:23,Support Ticket,Make learn property only. Wish smile exist office rise rather lot. Professor leader ground ten season.,5
59800786-f662-42ee-84e3-0a944a82b471,e32d8b08-4c47-4641-a7a5-1fd59dbf0e94,2023-02-09 21:24:01,Social Media,Table computer huge claim. Television fill think believe policy life.,3
dce4fccf-da96-4ed9-b1a0-43707a00fb73,90ab4fde-068f-44c6-a755-91011a419ed8,2023-07-06 23:16:50,Survey,Many at cover continue southern. Performance account can study deep. Weight really what and voice run.,1
47a34b13-0834-48fe-b8de-048086d22968,671116c9-66e2-40a6-9ca0-593b524025ba,2022-11-30 00:17:09,Survey,To color budget what early piece direction stuff. Activity key choose information day.,5
